"Kind","Agent_Id","Queue_Id","Thread_Id","Dispatch_Id","Kernel_Id","Kernel_Name","Correlation_Id","Start_Timestamp","End_Timestamp","Private_Segment_Size","Group_Segment_Size","Workgroup_Size_X","Workgroup_Size_Y","Workgroup_Size_Z","Grid_Size_X","Grid_Size_Y","Grid_Size_Z"
"KERNEL_DISPATCH",2,1,1341235,1,5,"__amd_rocclr_copyBuffer",10,1970371193272976,1970371193276023,0,0,512,1,1,512,1,1
"KERNEL_DISPATCH",2,1,1341235,2,11,"void fp8_mm_kernel<128ul, 128ul, 128ul, 1ul, 1ul>(__hip_fp8_e4m3_fnuz const*, __hip_fp8_e4m3_fnuz const*, float const*, float const*, __hip_bfloat16*, unsigned long, unsigned long, unsigned long)",13,1970371193845996,1970371194249151,24,35332,1024,1,1,8192,12,1
"KERNEL_DISPATCH",2,1,1341235,3,11,"void fp8_mm_kernel<128ul, 128ul, 128ul, 1ul, 1ul>(__hip_fp8_e4m3_fnuz const*, __hip_fp8_e4m3_fnuz const*, float const*, float const*, __hip_bfloat16*, unsigned long, unsigned long, unsigned long)",16,1970371194356996,1970371194716893,24,35332,1024,1,1,8192,12,1
"KERNEL_DISPATCH",2,1,1341235,4,11,"void fp8_mm_kernel<128ul, 128ul, 128ul, 1ul, 1ul>(__hip_fp8_e4m3_fnuz const*, __hip_fp8_e4m3_fnuz const*, float const*, float const*, __hip_bfloat16*, unsigned long, unsigned long, unsigned long)",21,1970371194776108,1970371195135283,24,35332,1024,1,1,8192,12,1
"KERNEL_DISPATCH",2,1,1341235,5,11,"void fp8_mm_kernel<128ul, 128ul, 128ul, 1ul, 1ul>(__hip_fp8_e4m3_fnuz const*, __hip_fp8_e4m3_fnuz const*, float const*, float const*, __hip_bfloat16*, unsigned long, unsigned long, unsigned long)",26,1970371195191491,1970371195550746,24,35332,1024,1,1,8192,12,1
"KERNEL_DISPATCH",2,1,1341235,6,11,"void fp8_mm_kernel<128ul, 128ul, 128ul, 1ul, 1ul>(__hip_fp8_e4m3_fnuz const*, __hip_fp8_e4m3_fnuz const*, float const*, float const*, __hip_bfloat16*, unsigned long, unsigned long, unsigned long)",31,1970371195603987,1970371195963002,24,35332,1024,1,1,8192,12,1
"KERNEL_DISPATCH",2,1,1341235,7,11,"void fp8_mm_kernel<128ul, 128ul, 128ul, 1ul, 1ul>(__hip_fp8_e4m3_fnuz const*, __hip_fp8_e4m3_fnuz const*, float const*, float const*, __hip_bfloat16*, unsigned long, unsigned long, unsigned long)",36,1970371196017846,1970371196410377,24,35332,1024,1,1,8192,12,1
"KERNEL_DISPATCH",2,1,1341235,8,11,"void fp8_mm_kernel<128ul, 128ul, 128ul, 1ul, 1ul>(__hip_fp8_e4m3_fnuz const*, __hip_fp8_e4m3_fnuz const*, float const*, float const*, __hip_bfloat16*, unsigned long, unsigned long, unsigned long)",41,1970371196462455,1970371196806436,24,35332,1024,1,1,8192,12,1
"KERNEL_DISPATCH",2,1,1341235,9,11,"void fp8_mm_kernel<128ul, 128ul, 128ul, 1ul, 1ul>(__hip_fp8_e4m3_fnuz const*, __hip_fp8_e4m3_fnuz const*, float const*, float const*, __hip_bfloat16*, unsigned long, unsigned long, unsigned long)",46,1970371196858715,1970371197201894,24,35332,1024,1,1,8192,12,1
"KERNEL_DISPATCH",2,1,1341235,10,11,"void fp8_mm_kernel<128ul, 128ul, 128ul, 1ul, 1ul>(__hip_fp8_e4m3_fnuz const*, __hip_fp8_e4m3_fnuz const*, float const*, float const*, __hip_bfloat16*, unsigned long, unsigned long, unsigned long)",51,1970371197255095,1970371197620444,24,35332,1024,1,1,8192,12,1
"KERNEL_DISPATCH",2,1,1341235,11,11,"void fp8_mm_kernel<128ul, 128ul, 128ul, 1ul, 1ul>(__hip_fp8_e4m3_fnuz const*, __hip_fp8_e4m3_fnuz const*, float const*, float const*, __hip_bfloat16*, unsigned long, unsigned long, unsigned long)",56,1970371197672643,1970371198004355,24,35332,1024,1,1,8192,12,1
"KERNEL_DISPATCH",2,1,1341235,12,11,"void fp8_mm_kernel<128ul, 128ul, 128ul, 1ul, 1ul>(__hip_fp8_e4m3_fnuz const*, __hip_fp8_e4m3_fnuz const*, float const*, float const*, __hip_bfloat16*, unsigned long, unsigned long, unsigned long)",61,1970371198056033,1970371198387144,24,35332,1024,1,1,8192,12,1
"KERNEL_DISPATCH",2,1,1341235,13,5,"__amd_rocclr_copyBuffer",80,1970371689832976,1970371689835903,0,0,512,1,1,512,1,1
"KERNEL_DISPATCH",2,1,1341235,14,11,"void fp8_mm_kernel<128ul, 128ul, 128ul, 1ul, 1ul>(__hip_fp8_e4m3_fnuz const*, __hip_fp8_e4m3_fnuz const*, float const*, float const*, __hip_bfloat16*, unsigned long, unsigned long, unsigned long)",83,1970371689907224,1970371690011982,24,35332,1024,1,1,8192,24,1
"KERNEL_DISPATCH",2,1,1341235,15,11,"void fp8_mm_kernel<128ul, 128ul, 128ul, 1ul, 1ul>(__hip_fp8_e4m3_fnuz const*, __hip_fp8_e4m3_fnuz const*, float const*, float const*, __hip_bfloat16*, unsigned long, unsigned long, unsigned long)",86,1970371690069513,1970371690161241,24,35332,1024,1,1,8192,24,1
"KERNEL_DISPATCH",2,1,1341235,16,11,"void fp8_mm_kernel<128ul, 128ul, 128ul, 1ul, 1ul>(__hip_fp8_e4m3_fnuz const*, __hip_fp8_e4m3_fnuz const*, float const*, float const*, __hip_bfloat16*, unsigned long, unsigned long, unsigned long)",91,1970371690216927,1970371690307734,24,35332,1024,1,1,8192,24,1
"KERNEL_DISPATCH",2,1,1341235,17,11,"void fp8_mm_kernel<128ul, 128ul, 128ul, 1ul, 1ul>(__hip_fp8_e4m3_fnuz const*, __hip_fp8_e4m3_fnuz const*, float const*, float const*, __hip_bfloat16*, unsigned long, unsigned long, unsigned long)",96,1970371690362137,1970371690454427,24,35332,1024,1,1,8192,24,1
"KERNEL_DISPATCH",2,1,1341235,18,11,"void fp8_mm_kernel<128ul, 128ul, 128ul, 1ul, 1ul>(__hip_fp8_e4m3_fnuz const*, __hip_fp8_e4m3_fnuz const*, float const*, float const*, __hip_bfloat16*, unsigned long, unsigned long, unsigned long)",101,1970371690510153,1970371690601641,24,35332,1024,1,1,8192,24,1
"KERNEL_DISPATCH",2,1,1341235,19,11,"void fp8_mm_kernel<128ul, 128ul, 128ul, 1ul, 1ul>(__hip_fp8_e4m3_fnuz const*, __hip_fp8_e4m3_fnuz const*, float const*, float const*, __hip_bfloat16*, unsigned long, unsigned long, unsigned long)",106,1970371690654641,1970371690746129,24,35332,1024,1,1,8192,24,1
"KERNEL_DISPATCH",2,1,1341235,20,11,"void fp8_mm_kernel<128ul, 128ul, 128ul, 1ul, 1ul>(__hip_fp8_e4m3_fnuz const*, __hip_fp8_e4m3_fnuz const*, float const*, float const*, __hip_bfloat16*, unsigned long, unsigned long, unsigned long)",111,1970371690799771,1970371690891900,24,35332,1024,1,1,8192,24,1
"KERNEL_DISPATCH",2,1,1341235,21,11,"void fp8_mm_kernel<128ul, 128ul, 128ul, 1ul, 1ul>(__hip_fp8_e4m3_fnuz const*, __hip_fp8_e4m3_fnuz const*, float const*, float const*, __hip_bfloat16*, unsigned long, unsigned long, unsigned long)",116,1970371690948869,1970371691040357,24,35332,1024,1,1,8192,24,1
"KERNEL_DISPATCH",2,1,1341235,22,11,"void fp8_mm_kernel<128ul, 128ul, 128ul, 1ul, 1ul>(__hip_fp8_e4m3_fnuz const*, __hip_fp8_e4m3_fnuz const*, float const*, float const*, __hip_bfloat16*, unsigned long, unsigned long, unsigned long)",121,1970371691094038,1970371691186007,24,35332,1024,1,1,8192,24,1
"KERNEL_DISPATCH",2,1,1341235,23,11,"void fp8_mm_kernel<128ul, 128ul, 128ul, 1ul, 1ul>(__hip_fp8_e4m3_fnuz const*, __hip_fp8_e4m3_fnuz const*, float const*, float const*, __hip_bfloat16*, unsigned long, unsigned long, unsigned long)",126,1970371691238246,1970371691330856,24,35332,1024,1,1,8192,24,1
"KERNEL_DISPATCH",2,1,1341235,24,11,"void fp8_mm_kernel<128ul, 128ul, 128ul, 1ul, 1ul>(__hip_fp8_e4m3_fnuz const*, __hip_fp8_e4m3_fnuz const*, float const*, float const*, __hip_bfloat16*, unsigned long, unsigned long, unsigned long)",131,1970371691388507,1970371691480436,24,35332,1024,1,1,8192,24,1
"KERNEL_DISPATCH",2,1,1341235,25,5,"__amd_rocclr_copyBuffer",150,1970372590977847,1970372590980974,0,0,512,1,1,512,1,1
"KERNEL_DISPATCH",2,1,1341235,26,11,"void fp8_mm_kernel<128ul, 128ul, 128ul, 1ul, 1ul>(__hip_fp8_e4m3_fnuz const*, __hip_fp8_e4m3_fnuz const*, float const*, float const*, __hip_bfloat16*, unsigned long, unsigned long, unsigned long)",153,1970372591042033,1970372591452645,24,35332,1024,1,1,8192,5,1
"KERNEL_DISPATCH",2,1,1341235,27,11,"void fp8_mm_kernel<128ul, 128ul, 128ul, 1ul, 1ul>(__hip_fp8_e4m3_fnuz const*, __hip_fp8_e4m3_fnuz const*, float const*, float const*, __hip_bfloat16*, unsigned long, unsigned long, unsigned long)",156,1970372591507690,1970372591861613,24,35332,1024,1,1,8192,5,1
"KERNEL_DISPATCH",2,1,1341235,28,11,"void fp8_mm_kernel<128ul, 128ul, 128ul, 1ul, 1ul>(__hip_fp8_e4m3_fnuz const*, __hip_fp8_e4m3_fnuz const*, float const*, float const*, __hip_bfloat16*, unsigned long, unsigned long, unsigned long)",161,1970372591916297,1970372592271544,24,35332,1024,1,1,8192,5,1
"KERNEL_DISPATCH",2,1,1341235,29,11,"void fp8_mm_kernel<128ul, 128ul, 128ul, 1ul, 1ul>(__hip_fp8_e4m3_fnuz const*, __hip_fp8_e4m3_fnuz const*, float const*, float const*, __hip_bfloat16*, unsigned long, unsigned long, unsigned long)",166,1970372592325907,1970372592680512,24,35332,1024,1,1,8192,5,1
"KERNEL_DISPATCH",2,1,1341235,30,11,"void fp8_mm_kernel<128ul, 128ul, 128ul, 1ul, 1ul>(__hip_fp8_e4m3_fnuz const*, __hip_fp8_e4m3_fnuz const*, float const*, float const*, __hip_bfloat16*, unsigned long, unsigned long, unsigned long)",171,1970372592735076,1970372593089200,24,35332,1024,1,1,8192,5,1
"KERNEL_DISPATCH",2,1,1341235,31,11,"void fp8_mm_kernel<128ul, 128ul, 128ul, 1ul, 1ul>(__hip_fp8_e4m3_fnuz const*, __hip_fp8_e4m3_fnuz const*, float const*, float const*, __hip_bfloat16*, unsigned long, unsigned long, unsigned long)",176,1970372593142962,1970372593497246,24,35332,1024,1,1,8192,5,1
"KERNEL_DISPATCH",2,1,1341235,32,11,"void fp8_mm_kernel<128ul, 128ul, 128ul, 1ul, 1ul>(__hip_fp8_e4m3_fnuz const*, __hip_fp8_e4m3_fnuz const*, float const*, float const*, __hip_bfloat16*, unsigned long, unsigned long, unsigned long)",181,1970372593551770,1970372593905373,24,35332,1024,1,1,8192,5,1
"KERNEL_DISPATCH",2,1,1341235,33,11,"void fp8_mm_kernel<128ul, 128ul, 128ul, 1ul, 1ul>(__hip_fp8_e4m3_fnuz const*, __hip_fp8_e4m3_fnuz const*, float const*, float const*, __hip_bfloat16*, unsigned long, unsigned long, unsigned long)",186,1970372593958974,1970372594312096,24,35332,1024,1,1,8192,5,1
"KERNEL_DISPATCH",2,1,1341235,34,11,"void fp8_mm_kernel<128ul, 128ul, 128ul, 1ul, 1ul>(__hip_fp8_e4m3_fnuz const*, __hip_fp8_e4m3_fnuz const*, float const*, float const*, __hip_bfloat16*, unsigned long, unsigned long, unsigned long)",191,1970372594366139,1970372594747564,24,35332,1024,1,1,8192,5,1
"KERNEL_DISPATCH",2,1,1341235,35,11,"void fp8_mm_kernel<128ul, 128ul, 128ul, 1ul, 1ul>(__hip_fp8_e4m3_fnuz const*, __hip_fp8_e4m3_fnuz const*, float const*, float const*, __hip_bfloat16*, unsigned long, unsigned long, unsigned long)",196,1970372594803251,1970372595140897,24,35332,1024,1,1,8192,5,1
"KERNEL_DISPATCH",2,1,1341235,36,11,"void fp8_mm_kernel<128ul, 128ul, 128ul, 1ul, 1ul>(__hip_fp8_e4m3_fnuz const*, __hip_fp8_e4m3_fnuz const*, float const*, float const*, __hip_bfloat16*, unsigned long, unsigned long, unsigned long)",201,1970372595196704,1970372595533509,24,35332,1024,1,1,8192,5,1
"KERNEL_DISPATCH",2,1,1341235,37,5,"__amd_rocclr_copyBuffer",220,1970372758753480,1970372758756648,0,0,512,1,1,512,1,1
"KERNEL_DISPATCH",2,1,1341235,38,11,"void fp8_mm_kernel<128ul, 128ul, 128ul, 1ul, 1ul>(__hip_fp8_e4m3_fnuz const*, __hip_fp8_e4m3_fnuz const*, float const*, float const*, __hip_bfloat16*, unsigned long, unsigned long, unsigned long)",223,1970372758819109,1970372758874034,24,35332,1024,1,1,8192,56,1
"KERNEL_DISPATCH",2,1,1341235,39,11,"void fp8_mm_kernel<128ul, 128ul, 128ul, 1ul, 1ul>(__hip_fp8_e4m3_fnuz const*, __hip_fp8_e4m3_fnuz const*, float const*, float const*, __hip_bfloat16*, unsigned long, unsigned long, unsigned long)",226,1970372758930242,1970372758982600,24,35332,1024,1,1,8192,56,1
"KERNEL_DISPATCH",2,1,1341235,40,11,"void fp8_mm_kernel<128ul, 128ul, 128ul, 1ul, 1ul>(__hip_fp8_e4m3_fnuz const*, __hip_fp8_e4m3_fnuz const*, float const*, float const*, __hip_bfloat16*, unsigned long, unsigned long, unsigned long)",231,1970372759037686,1970372759090526,24,35332,1024,1,1,8192,56,1
"KERNEL_DISPATCH",2,1,1341235,41,11,"void fp8_mm_kernel<128ul, 128ul, 128ul, 1ul, 1ul>(__hip_fp8_e4m3_fnuz const*, __hip_fp8_e4m3_fnuz const*, float const*, float const*, __hip_bfloat16*, unsigned long, unsigned long, unsigned long)",236,1970372759144408,1970372759196967,24,35332,1024,1,1,8192,56,1
"KERNEL_DISPATCH",2,1,1341235,42,11,"void fp8_mm_kernel<128ul, 128ul, 128ul, 1ul, 1ul>(__hip_fp8_e4m3_fnuz const*, __hip_fp8_e4m3_fnuz const*, float const*, float const*, __hip_bfloat16*, unsigned long, unsigned long, unsigned long)",241,1970372759252253,1970372759304371,24,35332,1024,1,1,8192,56,1
"KERNEL_DISPATCH",2,1,1341235,43,11,"void fp8_mm_kernel<128ul, 128ul, 128ul, 1ul, 1ul>(__hip_fp8_e4m3_fnuz const*, __hip_fp8_e4m3_fnuz const*, float const*, float const*, __hip_bfloat16*, unsigned long, unsigned long, unsigned long)",246,1970372759358534,1970372759413058,24,35332,1024,1,1,8192,56,1
"KERNEL_DISPATCH",2,1,1341235,44,11,"void fp8_mm_kernel<128ul, 128ul, 128ul, 1ul, 1ul>(__hip_fp8_e4m3_fnuz const*, __hip_fp8_e4m3_fnuz const*, float const*, float const*, __hip_bfloat16*, unsigned long, unsigned long, unsigned long)",251,1970372759467181,1970372759520021,24,35332,1024,1,1,8192,56,1
"KERNEL_DISPATCH",2,1,1341235,45,11,"void fp8_mm_kernel<128ul, 128ul, 128ul, 1ul, 1ul>(__hip_fp8_e4m3_fnuz const*, __hip_fp8_e4m3_fnuz const*, float const*, float const*, __hip_bfloat16*, unsigned long, unsigned long, unsigned long)",256,1970372759581360,1970372759633719,24,35332,1024,1,1,8192,56,1
"KERNEL_DISPATCH",2,1,1341235,46,11,"void fp8_mm_kernel<128ul, 128ul, 128ul, 1ul, 1ul>(__hip_fp8_e4m3_fnuz const*, __hip_fp8_e4m3_fnuz const*, float const*, float const*, __hip_bfloat16*, unsigned long, unsigned long, unsigned long)",261,1970372759690407,1970372759743528,24,35332,1024,1,1,8192,56,1
"KERNEL_DISPATCH",2,1,1341235,47,11,"void fp8_mm_kernel<128ul, 128ul, 128ul, 1ul, 1ul>(__hip_fp8_e4m3_fnuz const*, __hip_fp8_e4m3_fnuz const*, float const*, float const*, __hip_bfloat16*, unsigned long, unsigned long, unsigned long)",266,1970372759796568,1970372759848486,24,35332,1024,1,1,8192,56,1
"KERNEL_DISPATCH",2,1,1341235,48,11,"void fp8_mm_kernel<128ul, 128ul, 128ul, 1ul, 1ul>(__hip_fp8_e4m3_fnuz const*, __hip_fp8_e4m3_fnuz const*, float const*, float const*, __hip_bfloat16*, unsigned long, unsigned long, unsigned long)",271,1970372759901166,1970372759953244,24,35332,1024,1,1,8192,56,1
"KERNEL_DISPATCH",2,1,1341235,49,5,"__amd_rocclr_copyBuffer",290,1970374070795816,1970374070798783,0,0,512,1,1,512,1,1
"KERNEL_DISPATCH",2,1,1341235,50,11,"void fp8_mm_kernel<128ul, 128ul, 128ul, 1ul, 1ul>(__hip_fp8_e4m3_fnuz const*, __hip_fp8_e4m3_fnuz const*, float const*, float const*, __hip_bfloat16*, unsigned long, unsigned long, unsigned long)",293,1970374070861966,1970374071109368,24,35332,1024,1,1,8192,56,1
"KERNEL_DISPATCH",2,1,1341235,51,11,"void fp8_mm_kernel<128ul, 128ul, 128ul, 1ul, 1ul>(__hip_fp8_e4m3_fnuz const*, __hip_fp8_e4m3_fnuz const*, float const*, float const*, __hip_bfloat16*, unsigned long, unsigned long, unsigned long)",296,1970374071166698,1970374071393974,24,35332,1024,1,1,8192,56,1
"KERNEL_DISPATCH",2,1,1341235,52,11,"void fp8_mm_kernel<128ul, 128ul, 128ul, 1ul, 1ul>(__hip_fp8_e4m3_fnuz const*, __hip_fp8_e4m3_fnuz const*, float const*, float const*, __hip_bfloat16*, unsigned long, unsigned long, unsigned long)",301,1970374071452266,1970374071680184,24,35332,1024,1,1,8192,56,1
"KERNEL_DISPATCH",2,1,1341235,53,11,"void fp8_mm_kernel<128ul, 128ul, 128ul, 1ul, 1ul>(__hip_fp8_e4m3_fnuz const*, __hip_fp8_e4m3_fnuz const*, float const*, float const*, __hip_bfloat16*, unsigned long, unsigned long, unsigned long)",306,1970374071735389,1970374071961943,24,35332,1024,1,1,8192,56,1
"KERNEL_DISPATCH",2,1,1341235,54,11,"void fp8_mm_kernel<128ul, 128ul, 128ul, 1ul, 1ul>(__hip_fp8_e4m3_fnuz const*, __hip_fp8_e4m3_fnuz const*, float const*, float const*, __hip_bfloat16*, unsigned long, unsigned long, unsigned long)",311,1970374072019835,1970374072247872,24,35332,1024,1,1,8192,56,1
"KERNEL_DISPATCH",2,1,1341235,55,11,"void fp8_mm_kernel<128ul, 128ul, 128ul, 1ul, 1ul>(__hip_fp8_e4m3_fnuz const*, __hip_fp8_e4m3_fnuz const*, float const*, float const*, __hip_bfloat16*, unsigned long, unsigned long, unsigned long)",316,1970374072302236,1970374072530995,24,35332,1024,1,1,8192,56,1
"KERNEL_DISPATCH",2,1,1341235,56,11,"void fp8_mm_kernel<128ul, 128ul, 128ul, 1ul, 1ul>(__hip_fp8_e4m3_fnuz const*, __hip_fp8_e4m3_fnuz const*, float const*, float const*, __hip_bfloat16*, unsigned long, unsigned long, unsigned long)",321,1970374072586722,1970374072814278,24,35332,1024,1,1,8192,56,1
"KERNEL_DISPATCH",2,1,1341235,57,11,"void fp8_mm_kernel<128ul, 128ul, 128ul, 1ul, 1ul>(__hip_fp8_e4m3_fnuz const*, __hip_fp8_e4m3_fnuz const*, float const*, float const*, __hip_bfloat16*, unsigned long, unsigned long, unsigned long)",326,1970374072869002,1970374073096238,24,35332,1024,1,1,8192,56,1
"KERNEL_DISPATCH",2,1,1341235,58,11,"void fp8_mm_kernel<128ul, 128ul, 128ul, 1ul, 1ul>(__hip_fp8_e4m3_fnuz const*, __hip_fp8_e4m3_fnuz const*, float const*, float const*, __hip_bfloat16*, unsigned long, unsigned long, unsigned long)",331,1970374073151844,1970374073380083,24,35332,1024,1,1,8192,56,1
"KERNEL_DISPATCH",2,1,1341235,59,11,"void fp8_mm_kernel<128ul, 128ul, 128ul, 1ul, 1ul>(__hip_fp8_e4m3_fnuz const*, __hip_fp8_e4m3_fnuz const*, float const*, float const*, __hip_bfloat16*, unsigned long, unsigned long, unsigned long)",336,1970374073437693,1970374073664368,24,35332,1024,1,1,8192,56,1
"KERNEL_DISPATCH",2,1,1341235,60,11,"void fp8_mm_kernel<128ul, 128ul, 128ul, 1ul, 1ul>(__hip_fp8_e4m3_fnuz const*, __hip_fp8_e4m3_fnuz const*, float const*, float const*, __hip_bfloat16*, unsigned long, unsigned long, unsigned long)",341,1970374073719453,1970374073947170,24,35332,1024,1,1,8192,56,1
"KERNEL_DISPATCH",2,1,1341235,61,5,"__amd_rocclr_copyBuffer",360,1970377243855174,1970377243857740,0,0,512,1,1,512,1,1
"KERNEL_DISPATCH",2,1,1341235,62,11,"void fp8_mm_kernel<128ul, 128ul, 128ul, 1ul, 1ul>(__hip_fp8_e4m3_fnuz const*, __hip_fp8_e4m3_fnuz const*, float const*, float const*, __hip_bfloat16*, unsigned long, unsigned long, unsigned long)",363,1970377243938083,1970377244364571,24,35332,1024,1,1,8192,36,1
"KERNEL_DISPATCH",2,1,1341235,63,11,"void fp8_mm_kernel<128ul, 128ul, 128ul, 1ul, 1ul>(__hip_fp8_e4m3_fnuz const*, __hip_fp8_e4m3_fnuz const*, float const*, float const*, __hip_bfloat16*, unsigned long, unsigned long, unsigned long)",366,1970377244424507,1970377244793705,24,35332,1024,1,1,8192,36,1
"KERNEL_DISPATCH",2,1,1341235,64,11,"void fp8_mm_kernel<128ul, 128ul, 128ul, 1ul, 1ul>(__hip_fp8_e4m3_fnuz const*, __hip_fp8_e4m3_fnuz const*, float const*, float const*, __hip_bfloat16*, unsigned long, unsigned long, unsigned long)",371,1970377244853521,1970377245223080,24,35332,1024,1,1,8192,36,1
"KERNEL_DISPATCH",2,1,1341235,65,11,"void fp8_mm_kernel<128ul, 128ul, 128ul, 1ul, 1ul>(__hip_fp8_e4m3_fnuz const*, __hip_fp8_e4m3_fnuz const*, float const*, float const*, __hip_bfloat16*, unsigned long, unsigned long, unsigned long)",376,1970377245280971,1970377245649728,24,35332,1024,1,1,8192,36,1
"KERNEL_DISPATCH",2,1,1341235,66,11,"void fp8_mm_kernel<128ul, 128ul, 128ul, 1ul, 1ul>(__hip_fp8_e4m3_fnuz const*, __hip_fp8_e4m3_fnuz const*, float const*, float const*, __hip_bfloat16*, unsigned long, unsigned long, unsigned long)",381,1970377245705455,1970377246073651,24,35332,1024,1,1,8192,36,1
"KERNEL_DISPATCH",2,1,1341235,67,11,"void fp8_mm_kernel<128ul, 128ul, 128ul, 1ul, 1ul>(__hip_fp8_e4m3_fnuz const*, __hip_fp8_e4m3_fnuz const*, float const*, float const*, __hip_bfloat16*, unsigned long, unsigned long, unsigned long)",386,1970377246130420,1970377246540631,24,35332,1024,1,1,8192,36,1
"KERNEL_DISPATCH",2,1,1341235,68,11,"void fp8_mm_kernel<128ul, 128ul, 128ul, 1ul, 1ul>(__hip_fp8_e4m3_fnuz const*, __hip_fp8_e4m3_fnuz const*, float const*, float const*, __hip_bfloat16*, unsigned long, unsigned long, unsigned long)",391,1970377246595756,1970377246956214,24,35332,1024,1,1,8192,36,1
"KERNEL_DISPATCH",2,1,1341235,69,11,"void fp8_mm_kernel<128ul, 128ul, 128ul, 1ul, 1ul>(__hip_fp8_e4m3_fnuz const*, __hip_fp8_e4m3_fnuz const*, float const*, float const*, __hip_bfloat16*, unsigned long, unsigned long, unsigned long)",396,1970377247011660,1970377247373241,24,35332,1024,1,1,8192,36,1
"KERNEL_DISPATCH",2,1,1341235,70,11,"void fp8_mm_kernel<128ul, 128ul, 128ul, 1ul, 1ul>(__hip_fp8_e4m3_fnuz const*, __hip_fp8_e4m3_fnuz const*, float const*, float const*, __hip_bfloat16*, unsigned long, unsigned long, unsigned long)",401,1970377247429208,1970377247812558,24,35332,1024,1,1,8192,36,1
"KERNEL_DISPATCH",2,1,1341235,71,11,"void fp8_mm_kernel<128ul, 128ul, 128ul, 1ul, 1ul>(__hip_fp8_e4m3_fnuz const*, __hip_fp8_e4m3_fnuz const*, float const*, float const*, __hip_bfloat16*, unsigned long, unsigned long, unsigned long)",406,1970377247868325,1970377248220685,24,35332,1024,1,1,8192,36,1
"KERNEL_DISPATCH",2,1,1341235,72,11,"void fp8_mm_kernel<128ul, 128ul, 128ul, 1ul, 1ul>(__hip_fp8_e4m3_fnuz const*, __hip_fp8_e4m3_fnuz const*, float const*, float const*, __hip_bfloat16*, unsigned long, unsigned long, unsigned long)",411,1970377248276732,1970377248640157,24,35332,1024,1,1,8192,36,1
"KERNEL_DISPATCH",2,1,1341235,73,5,"__amd_rocclr_copyBuffer",430,1970378726109216,1970378726111822,0,0,512,1,1,512,1,1
"KERNEL_DISPATCH",2,1,1341235,74,11,"void fp8_mm_kernel<128ul, 128ul, 128ul, 1ul, 1ul>(__hip_fp8_e4m3_fnuz const*, __hip_fp8_e4m3_fnuz const*, float const*, float const*, __hip_bfloat16*, unsigned long, unsigned long, unsigned long)",433,1970378726184026,1970378726460213,24,35332,1024,1,1,8192,56,1
"KERNEL_DISPATCH",2,1,1341235,75,11,"void fp8_mm_kernel<128ul, 128ul, 128ul, 1ul, 1ul>(__hip_fp8_e4m3_fnuz const*, __hip_fp8_e4m3_fnuz const*, float const*, float const*, __hip_bfloat16*, unsigned long, unsigned long, unsigned long)",436,1970378726521271,1970378726774486,24,35332,1024,1,1,8192,56,1
"KERNEL_DISPATCH",2,1,1341235,76,11,"void fp8_mm_kernel<128ul, 128ul, 128ul, 1ul, 1ul>(__hip_fp8_e4m3_fnuz const*, __hip_fp8_e4m3_fnuz const*, float const*, float const*, __hip_bfloat16*, unsigned long, unsigned long, unsigned long)",441,1970378726835906,1970378727088800,24,35332,1024,1,1,8192,56,1
"KERNEL_DISPATCH",2,1,1341235,77,11,"void fp8_mm_kernel<128ul, 128ul, 128ul, 1ul, 1ul>(__hip_fp8_e4m3_fnuz const*, __hip_fp8_e4m3_fnuz const*, float const*, float const*, __hip_bfloat16*, unsigned long, unsigned long, unsigned long)",446,1970378727144887,1970378727397060,24,35332,1024,1,1,8192,56,1
"KERNEL_DISPATCH",2,1,1341235,78,11,"void fp8_mm_kernel<128ul, 128ul, 128ul, 1ul, 1ul>(__hip_fp8_e4m3_fnuz const*, __hip_fp8_e4m3_fnuz const*, float const*, float const*, __hip_bfloat16*, unsigned long, unsigned long, unsigned long)",451,1970378727452626,1970378727705440,24,35332,1024,1,1,8192,56,1
"KERNEL_DISPATCH",2,1,1341235,79,11,"void fp8_mm_kernel<128ul, 128ul, 128ul, 1ul, 1ul>(__hip_fp8_e4m3_fnuz const*, __hip_fp8_e4m3_fnuz const*, float const*, float const*, __hip_bfloat16*, unsigned long, unsigned long, unsigned long)",456,1970378727760886,1970378728014581,24,35332,1024,1,1,8192,56,1
"KERNEL_DISPATCH",2,1,1341235,80,11,"void fp8_mm_kernel<128ul, 128ul, 128ul, 1ul, 1ul>(__hip_fp8_e4m3_fnuz const*, __hip_fp8_e4m3_fnuz const*, float const*, float const*, __hip_bfloat16*, unsigned long, unsigned long, unsigned long)",461,1970378728069185,1970378728322801,24,35332,1024,1,1,8192,56,1
"KERNEL_DISPATCH",2,1,1341235,81,11,"void fp8_mm_kernel<128ul, 128ul, 128ul, 1ul, 1ul>(__hip_fp8_e4m3_fnuz const*, __hip_fp8_e4m3_fnuz const*, float const*, float const*, __hip_bfloat16*, unsigned long, unsigned long, unsigned long)",466,1970378728382858,1970378728635832,24,35332,1024,1,1,8192,56,1
"KERNEL_DISPATCH",2,1,1341235,82,11,"void fp8_mm_kernel<128ul, 128ul, 128ul, 1ul, 1ul>(__hip_fp8_e4m3_fnuz const*, __hip_fp8_e4m3_fnuz const*, float const*, float const*, __hip_bfloat16*, unsigned long, unsigned long, unsigned long)",471,1970378728690997,1970378728943170,24,35332,1024,1,1,8192,56,1
"KERNEL_DISPATCH",2,1,1341235,83,11,"void fp8_mm_kernel<128ul, 128ul, 128ul, 1ul, 1ul>(__hip_fp8_e4m3_fnuz const*, __hip_fp8_e4m3_fnuz const*, float const*, float const*, __hip_bfloat16*, unsigned long, unsigned long, unsigned long)",476,1970378728999217,1970378729252472,24,35332,1024,1,1,8192,56,1
"KERNEL_DISPATCH",2,1,1341235,84,11,"void fp8_mm_kernel<128ul, 128ul, 128ul, 1ul, 1ul>(__hip_fp8_e4m3_fnuz const*, __hip_fp8_e4m3_fnuz const*, float const*, float const*, __hip_bfloat16*, unsigned long, unsigned long, unsigned long)",481,1970378729309281,1970378729561573,24,35332,1024,1,1,8192,56,1
"KERNEL_DISPATCH",2,1,1341235,85,5,"__amd_rocclr_copyBuffer",500,1970379595033906,1970379595036592,0,0,512,1,1,512,1,1
"KERNEL_DISPATCH",2,1,1341235,86,11,"void fp8_mm_kernel<128ul, 128ul, 128ul, 1ul, 1ul>(__hip_fp8_e4m3_fnuz const*, __hip_fp8_e4m3_fnuz const*, float const*, float const*, __hip_bfloat16*, unsigned long, unsigned long, unsigned long)",503,1970379595099976,1970379595507140,24,35332,1024,1,1,8192,4,1
"KERNEL_DISPATCH",2,1,1341235,87,11,"void fp8_mm_kernel<128ul, 128ul, 128ul, 1ul, 1ul>(__hip_fp8_e4m3_fnuz const*, __hip_fp8_e4m3_fnuz const*, float const*, float const*, __hip_bfloat16*, unsigned long, unsigned long, unsigned long)",506,1970379595565232,1970379595922563,24,35332,1024,1,1,8192,4,1
"KERNEL_DISPATCH",2,1,1341235,88,11,"void fp8_mm_kernel<128ul, 128ul, 128ul, 1ul, 1ul>(__hip_fp8_e4m3_fnuz const*, __hip_fp8_e4m3_fnuz const*, float const*, float const*, __hip_bfloat16*, unsigned long, unsigned long, unsigned long)",511,1970379595980735,1970379596338187,24,35332,1024,1,1,8192,4,1
"KERNEL_DISPATCH",2,1,1341235,89,11,"void fp8_mm_kernel<128ul, 128ul, 128ul, 1ul, 1ul>(__hip_fp8_e4m3_fnuz const*, __hip_fp8_e4m3_fnuz const*, float const*, float const*, __hip_bfloat16*, unsigned long, unsigned long, unsigned long)",516,1970379596395677,1970379596753329,24,35332,1024,1,1,8192,4,1
"KERNEL_DISPATCH",2,1,1341235,90,11,"void fp8_mm_kernel<128ul, 128ul, 128ul, 1ul, 1ul>(__hip_fp8_e4m3_fnuz const*, __hip_fp8_e4m3_fnuz const*, float const*, float const*, __hip_bfloat16*, unsigned long, unsigned long, unsigned long)",521,1970379596811140,1970379597168071,24,35332,1024,1,1,8192,4,1
"KERNEL_DISPATCH",2,1,1341235,91,11,"void fp8_mm_kernel<128ul, 128ul, 128ul, 1ul, 1ul>(__hip_fp8_e4m3_fnuz const*, __hip_fp8_e4m3_fnuz const*, float const*, float const*, __hip_bfloat16*, unsigned long, unsigned long, unsigned long)",526,1970379597223116,1970379597579645,24,35332,1024,1,1,8192,4,1
"KERNEL_DISPATCH",2,1,1341235,92,11,"void fp8_mm_kernel<128ul, 128ul, 128ul, 1ul, 1ul>(__hip_fp8_e4m3_fnuz const*, __hip_fp8_e4m3_fnuz const*, float const*, float const*, __hip_bfloat16*, unsigned long, unsigned long, unsigned long)",531,1970379597635211,1970379597991620,24,35332,1024,1,1,8192,4,1
"KERNEL_DISPATCH",2,1,1341235,93,11,"void fp8_mm_kernel<128ul, 128ul, 128ul, 1ul, 1ul>(__hip_fp8_e4m3_fnuz const*, __hip_fp8_e4m3_fnuz const*, float const*, float const*, __hip_bfloat16*, unsigned long, unsigned long, unsigned long)",536,1970379598046986,1970379598403435,24,35332,1024,1,1,8192,4,1
"KERNEL_DISPATCH",2,1,1341235,94,11,"void fp8_mm_kernel<128ul, 128ul, 128ul, 1ul, 1ul>(__hip_fp8_e4m3_fnuz const*, __hip_fp8_e4m3_fnuz const*, float const*, float const*, __hip_bfloat16*, unsigned long, unsigned long, unsigned long)",541,1970379598458039,1970379598848927,24,35332,1024,1,1,8192,4,1
"KERNEL_DISPATCH",2,1,1341235,95,11,"void fp8_mm_kernel<128ul, 128ul, 128ul, 1ul, 1ul>(__hip_fp8_e4m3_fnuz const*, __hip_fp8_e4m3_fnuz const*, float const*, float const*, __hip_bfloat16*, unsigned long, unsigned long, unsigned long)",546,1970379598904332,1970379599245146,24,35332,1024,1,1,8192,4,1
"KERNEL_DISPATCH",2,1,1341235,96,11,"void fp8_mm_kernel<128ul, 128ul, 128ul, 1ul, 1ul>(__hip_fp8_e4m3_fnuz const*, __hip_fp8_e4m3_fnuz const*, float const*, float const*, __hip_bfloat16*, unsigned long, unsigned long, unsigned long)",551,1970379599301354,1970379599642648,24,35332,1024,1,1,8192,4,1
"KERNEL_DISPATCH",2,1,1341235,97,5,"__amd_rocclr_copyBuffer",570,1970379802459687,1970379802462533,0,0,512,1,1,512,1,1
"KERNEL_DISPATCH",2,1,1341235,98,11,"void fp8_mm_kernel<128ul, 128ul, 128ul, 1ul, 1ul>(__hip_fp8_e4m3_fnuz const*, __hip_fp8_e4m3_fnuz const*, float const*, float const*, __hip_bfloat16*, unsigned long, unsigned long, unsigned long)",573,1970379802520825,1970379802568614,24,35332,1024,1,1,8192,32,1
"KERNEL_DISPATCH",2,1,1341235,99,11,"void fp8_mm_kernel<128ul, 128ul, 128ul, 1ul, 1ul>(__hip_fp8_e4m3_fnuz const*, __hip_fp8_e4m3_fnuz const*, float const*, float const*, __hip_bfloat16*, unsigned long, unsigned long, unsigned long)",576,1970379802625623,1970379802669563,24,35332,1024,1,1,8192,32,1
"KERNEL_DISPATCH",2,1,1341235,100,11,"void fp8_mm_kernel<128ul, 128ul, 128ul, 1ul, 1ul>(__hip_fp8_e4m3_fnuz const*, __hip_fp8_e4m3_fnuz const*, float const*, float const*, __hip_bfloat16*, unsigned long, unsigned long, unsigned long)",581,1970379802725530,1970379802770232,24,35332,1024,1,1,8192,32,1
"KERNEL_DISPATCH",2,1,1341235,101,11,"void fp8_mm_kernel<128ul, 128ul, 128ul, 1ul, 1ul>(__hip_fp8_e4m3_fnuz const*, __hip_fp8_e4m3_fnuz const*, float const*, float const*, __hip_bfloat16*, unsigned long, unsigned long, unsigned long)",586,1970379802826319,1970379802869577,24,35332,1024,1,1,8192,32,1
"KERNEL_DISPATCH",2,1,1341235,102,11,"void fp8_mm_kernel<128ul, 128ul, 128ul, 1ul, 1ul>(__hip_fp8_e4m3_fnuz const*, __hip_fp8_e4m3_fnuz const*, float const*, float const*, __hip_bfloat16*, unsigned long, unsigned long, unsigned long)",591,1970379802925624,1970379802969123,24,35332,1024,1,1,8192,32,1
"KERNEL_DISPATCH",2,1,1341235,103,11,"void fp8_mm_kernel<128ul, 128ul, 128ul, 1ul, 1ul>(__hip_fp8_e4m3_fnuz const*, __hip_fp8_e4m3_fnuz const*, float const*, float const*, __hip_bfloat16*, unsigned long, unsigned long, unsigned long)",596,1970379803025692,1970379803069992,24,35332,1024,1,1,8192,32,1
"KERNEL_DISPATCH",2,1,1341235,104,11,"void fp8_mm_kernel<128ul, 128ul, 128ul, 1ul, 1ul>(__hip_fp8_e4m3_fnuz const*, __hip_fp8_e4m3_fnuz const*, float const*, float const*, __hip_bfloat16*, unsigned long, unsigned long, unsigned long)",601,1970379803125719,1970379803169057,24,35332,1024,1,1,8192,32,1
"KERNEL_DISPATCH",2,1,1341235,105,11,"void fp8_mm_kernel<128ul, 128ul, 128ul, 1ul, 1ul>(__hip_fp8_e4m3_fnuz const*, __hip_fp8_e4m3_fnuz const*, float const*, float const*, __hip_bfloat16*, unsigned long, unsigned long, unsigned long)",606,1970379803223180,1970379803266799,24,35332,1024,1,1,8192,32,1
"KERNEL_DISPATCH",2,1,1341235,106,11,"void fp8_mm_kernel<128ul, 128ul, 128ul, 1ul, 1ul>(__hip_fp8_e4m3_fnuz const*, __hip_fp8_e4m3_fnuz const*, float const*, float const*, __hip_bfloat16*, unsigned long, unsigned long, unsigned long)",611,1970379803321243,1970379803365182,24,35332,1024,1,1,8192,32,1
"KERNEL_DISPATCH",2,1,1341235,107,11,"void fp8_mm_kernel<128ul, 128ul, 128ul, 1ul, 1ul>(__hip_fp8_e4m3_fnuz const*, __hip_fp8_e4m3_fnuz const*, float const*, float const*, __hip_bfloat16*, unsigned long, unsigned long, unsigned long)",616,1970379803419987,1970379803463205,24,35332,1024,1,1,8192,32,1
"KERNEL_DISPATCH",2,1,1341235,108,11,"void fp8_mm_kernel<128ul, 128ul, 128ul, 1ul, 1ul>(__hip_fp8_e4m3_fnuz const*, __hip_fp8_e4m3_fnuz const*, float const*, float const*, __hip_bfloat16*, unsigned long, unsigned long, unsigned long)",621,1970379803517929,1970379803561187,24,35332,1024,1,1,8192,32,1
"KERNEL_DISPATCH",2,1,1341235,109,5,"__amd_rocclr_copyBuffer",640,1970384106074496,1970384106078345,0,0,512,1,1,1024,1,1
"KERNEL_DISPATCH",2,1,1341235,110,11,"void fp8_mm_kernel<128ul, 128ul, 128ul, 1ul, 1ul>(__hip_fp8_e4m3_fnuz const*, __hip_fp8_e4m3_fnuz const*, float const*, float const*, __hip_bfloat16*, unsigned long, unsigned long, unsigned long)",643,1970384106152153,1970384106938017,24,35332,1024,1,1,49152,12,1
"KERNEL_DISPATCH",2,1,1341235,111,11,"void fp8_mm_kernel<128ul, 128ul, 128ul, 1ul, 1ul>(__hip_fp8_e4m3_fnuz const*, __hip_fp8_e4m3_fnuz const*, float const*, float const*, __hip_bfloat16*, unsigned long, unsigned long, unsigned long)",646,1970384106996590,1970384107746933,24,35332,1024,1,1,49152,12,1
"KERNEL_DISPATCH",2,1,1341235,112,11,"void fp8_mm_kernel<128ul, 128ul, 128ul, 1ul, 1ul>(__hip_fp8_e4m3_fnuz const*, __hip_fp8_e4m3_fnuz const*, float const*, float const*, __hip_bfloat16*, unsigned long, unsigned long, unsigned long)",651,1970384107809756,1970384108533880,24,35332,1024,1,1,49152,12,1
"KERNEL_DISPATCH",2,1,1341235,113,11,"void fp8_mm_kernel<128ul, 128ul, 128ul, 1ul, 1ul>(__hip_fp8_e4m3_fnuz const*, __hip_fp8_e4m3_fnuz const*, float const*, float const*, __hip_bfloat16*, unsigned long, unsigned long, unsigned long)",656,1970384108590689,1970384109332613,24,35332,1024,1,1,49152,12,1
"KERNEL_DISPATCH",2,1,1341235,114,11,"void fp8_mm_kernel<128ul, 128ul, 128ul, 1ul, 1ul>(__hip_fp8_e4m3_fnuz const*, __hip_fp8_e4m3_fnuz const*, float const*, float const*, __hip_bfloat16*, unsigned long, unsigned long, unsigned long)",661,1970384109389221,1970384110142612,24,35332,1024,1,1,49152,12,1
"KERNEL_DISPATCH",2,1,1341235,115,11,"void fp8_mm_kernel<128ul, 128ul, 128ul, 1ul, 1ul>(__hip_fp8_e4m3_fnuz const*, __hip_fp8_e4m3_fnuz const*, float const*, float const*, __hip_bfloat16*, unsigned long, unsigned long, unsigned long)",666,1970384110198860,1970384110943550,24,35332,1024,1,1,49152,12,1
"KERNEL_DISPATCH",2,1,1341235,116,11,"void fp8_mm_kernel<128ul, 128ul, 128ul, 1ul, 1ul>(__hip_fp8_e4m3_fnuz const*, __hip_fp8_e4m3_fnuz const*, float const*, float const*, __hip_bfloat16*, unsigned long, unsigned long, unsigned long)",671,1970384110999597,1970384111730056,24,35332,1024,1,1,49152,12,1
"KERNEL_DISPATCH",2,1,1341235,117,11,"void fp8_mm_kernel<128ul, 128ul, 128ul, 1ul, 1ul>(__hip_fp8_e4m3_fnuz const*, __hip_fp8_e4m3_fnuz const*, float const*, float const*, __hip_bfloat16*, unsigned long, unsigned long, unsigned long)",676,1970384111791355,1970384112529350,24,35332,1024,1,1,49152,12,1
"KERNEL_DISPATCH",2,1,1341235,118,11,"void fp8_mm_kernel<128ul, 128ul, 128ul, 1ul, 1ul>(__hip_fp8_e4m3_fnuz const*, __hip_fp8_e4m3_fnuz const*, float const*, float const*, __hip_bfloat16*, unsigned long, unsigned long, unsigned long)",681,1970384112586961,1970384113329366,24,35332,1024,1,1,49152,12,1
"KERNEL_DISPATCH",2,1,1341235,119,11,"void fp8_mm_kernel<128ul, 128ul, 128ul, 1ul, 1ul>(__hip_fp8_e4m3_fnuz const*, __hip_fp8_e4m3_fnuz const*, float const*, float const*, __hip_bfloat16*, unsigned long, unsigned long, unsigned long)",686,1970384113388541,1970384114130505,24,35332,1024,1,1,49152,12,1
"KERNEL_DISPATCH",2,1,1341235,120,11,"void fp8_mm_kernel<128ul, 128ul, 128ul, 1ul, 1ul>(__hip_fp8_e4m3_fnuz const*, __hip_fp8_e4m3_fnuz const*, float const*, float const*, __hip_bfloat16*, unsigned long, unsigned long, unsigned long)",691,1970384114187515,1970384114921581,24,35332,1024,1,1,49152,12,1
"KERNEL_DISPATCH",2,1,1341235,121,5,"__amd_rocclr_copyBuffer",710,1970385219893072,1970385219896279,0,0,512,1,1,512,1,1
"KERNEL_DISPATCH",2,1,1341235,122,11,"void fp8_mm_kernel<128ul, 128ul, 128ul, 1ul, 1ul>(__hip_fp8_e4m3_fnuz const*, __hip_fp8_e4m3_fnuz const*, float const*, float const*, __hip_bfloat16*, unsigned long, unsigned long, unsigned long)",713,1970385219959944,1970385220314950,24,35332,1024,1,1,49152,24,1
"KERNEL_DISPATCH",2,1,1341235,123,11,"void fp8_mm_kernel<128ul, 128ul, 128ul, 1ul, 1ul>(__hip_fp8_e4m3_fnuz const*, __hip_fp8_e4m3_fnuz const*, float const*, float const*, __hip_bfloat16*, unsigned long, unsigned long, unsigned long)",716,1970385220379216,1970385220721914,24,35332,1024,1,1,49152,24,1
"KERNEL_DISPATCH",2,1,1341235,124,11,"void fp8_mm_kernel<128ul, 128ul, 128ul, 1ul, 1ul>(__hip_fp8_e4m3_fnuz const*, __hip_fp8_e4m3_fnuz const*, float const*, float const*, __hip_bfloat16*, unsigned long, unsigned long, unsigned long)",721,1970385220780527,1970385221122062,24,35332,1024,1,1,49152,24,1
"KERNEL_DISPATCH",2,1,1341235,125,11,"void fp8_mm_kernel<128ul, 128ul, 128ul, 1ul, 1ul>(__hip_fp8_e4m3_fnuz const*, __hip_fp8_e4m3_fnuz const*, float const*, float const*, __hip_bfloat16*, unsigned long, unsigned long, unsigned long)",726,1970385221178550,1970385221519564,24,35332,1024,1,1,49152,24,1
"KERNEL_DISPATCH",2,1,1341235,126,11,"void fp8_mm_kernel<128ul, 128ul, 128ul, 1ul, 1ul>(__hip_fp8_e4m3_fnuz const*, __hip_fp8_e4m3_fnuz const*, float const*, float const*, __hip_bfloat16*, unsigned long, unsigned long, unsigned long)",731,1970385221575251,1970385221930217,24,35332,1024,1,1,49152,24,1
"KERNEL_DISPATCH",2,1,1341235,127,11,"void fp8_mm_kernel<128ul, 128ul, 128ul, 1ul, 1ul>(__hip_fp8_e4m3_fnuz const*, __hip_fp8_e4m3_fnuz const*, float const*, float const*, __hip_bfloat16*, unsigned long, unsigned long, unsigned long)",736,1970385221988148,1970385222344597,24,35332,1024,1,1,49152,24,1
"KERNEL_DISPATCH",2,1,1341235,128,11,"void fp8_mm_kernel<128ul, 128ul, 128ul, 1ul, 1ul>(__hip_fp8_e4m3_fnuz const*, __hip_fp8_e4m3_fnuz const*, float const*, float const*, __hip_bfloat16*, unsigned long, unsigned long, unsigned long)",741,1970385222402008,1970385222756573,24,35332,1024,1,1,49152,24,1
"KERNEL_DISPATCH",2,1,1341235,129,11,"void fp8_mm_kernel<128ul, 128ul, 128ul, 1ul, 1ul>(__hip_fp8_e4m3_fnuz const*, __hip_fp8_e4m3_fnuz const*, float const*, float const*, __hip_bfloat16*, unsigned long, unsigned long, unsigned long)",746,1970385222812059,1970385223188553,24,35332,1024,1,1,49152,24,1
"KERNEL_DISPATCH",2,1,1341235,130,11,"void fp8_mm_kernel<128ul, 128ul, 128ul, 1ul, 1ul>(__hip_fp8_e4m3_fnuz const*, __hip_fp8_e4m3_fnuz const*, float const*, float const*, __hip_bfloat16*, unsigned long, unsigned long, unsigned long)",751,1970385223244881,1970385223584332,24,35332,1024,1,1,49152,24,1
"KERNEL_DISPATCH",2,1,1341235,131,11,"void fp8_mm_kernel<128ul, 128ul, 128ul, 1ul, 1ul>(__hip_fp8_e4m3_fnuz const*, __hip_fp8_e4m3_fnuz const*, float const*, float const*, __hip_bfloat16*, unsigned long, unsigned long, unsigned long)",756,1970385223640339,1970385224005528,24,35332,1024,1,1,49152,24,1
"KERNEL_DISPATCH",2,1,1341235,132,11,"void fp8_mm_kernel<128ul, 128ul, 128ul, 1ul, 1ul>(__hip_fp8_e4m3_fnuz const*, __hip_fp8_e4m3_fnuz const*, float const*, float const*, __hip_bfloat16*, unsigned long, unsigned long, unsigned long)",761,1970385224060773,1970385224388036,24,35332,1024,1,1,49152,24,1
"KERNEL_DISPATCH",2,1,1341235,133,5,"__amd_rocclr_copyBuffer",780,1970388966948775,1970388966952623,0,0,512,1,1,1024,1,1
"KERNEL_DISPATCH",2,1,1341235,134,11,"void fp8_mm_kernel<128ul, 128ul, 128ul, 1ul, 1ul>(__hip_fp8_e4m3_fnuz const*, __hip_fp8_e4m3_fnuz const*, float const*, float const*, __hip_bfloat16*, unsigned long, unsigned long, unsigned long)",783,1970388967029678,1970388967450554,24,35332,1024,1,1,49152,5,1
"KERNEL_DISPATCH",2,1,1341235,135,11,"void fp8_mm_kernel<128ul, 128ul, 128ul, 1ul, 1ul>(__hip_fp8_e4m3_fnuz const*, __hip_fp8_e4m3_fnuz const*, float const*, float const*, __hip_bfloat16*, unsigned long, unsigned long, unsigned long)",786,1970388967509568,1970388967869345,24,35332,1024,1,1,49152,5,1
"KERNEL_DISPATCH",2,1,1341235,136,11,"void fp8_mm_kernel<128ul, 128ul, 128ul, 1ul, 1ul>(__hip_fp8_e4m3_fnuz const*, __hip_fp8_e4m3_fnuz const*, float const*, float const*, __hip_bfloat16*, unsigned long, unsigned long, unsigned long)",791,1970388967929882,1970388968289579,24,35332,1024,1,1,49152,5,1
"KERNEL_DISPATCH",2,1,1341235,137,11,"void fp8_mm_kernel<128ul, 128ul, 128ul, 1ul, 1ul>(__hip_fp8_e4m3_fnuz const*, __hip_fp8_e4m3_fnuz const*, float const*, float const*, __hip_bfloat16*, unsigned long, unsigned long, unsigned long)",796,1970388968345465,1970388968726931,24,35332,1024,1,1,49152,5,1
"KERNEL_DISPATCH",2,1,1341235,138,11,"void fp8_mm_kernel<128ul, 128ul, 128ul, 1ul, 1ul>(__hip_fp8_e4m3_fnuz const*, __hip_fp8_e4m3_fnuz const*, float const*, float const*, __hip_bfloat16*, unsigned long, unsigned long, unsigned long)",801,1970388968782337,1970388969126599,24,35332,1024,1,1,49152,5,1
"KERNEL_DISPATCH",2,1,1341235,139,11,"void fp8_mm_kernel<128ul, 128ul, 128ul, 1ul, 1ul>(__hip_fp8_e4m3_fnuz const*, __hip_fp8_e4m3_fnuz const*, float const*, float const*, __hip_bfloat16*, unsigned long, unsigned long, unsigned long)",806,1970388969181243,1970388969553568,24,35332,1024,1,1,49152,5,1
"KERNEL_DISPATCH",2,1,1341235,140,11,"void fp8_mm_kernel<128ul, 128ul, 128ul, 1ul, 1ul>(__hip_fp8_e4m3_fnuz const*, __hip_fp8_e4m3_fnuz const*, float const*, float const*, __hip_bfloat16*, unsigned long, unsigned long, unsigned long)",811,1970388969609014,1970388969942531,24,35332,1024,1,1,49152,5,1
"KERNEL_DISPATCH",2,1,1341235,141,11,"void fp8_mm_kernel<128ul, 128ul, 128ul, 1ul, 1ul>(__hip_fp8_e4m3_fnuz const*, __hip_fp8_e4m3_fnuz const*, float const*, float const*, __hip_bfloat16*, unsigned long, unsigned long, unsigned long)",816,1970388969999260,1970388970336706,24,35332,1024,1,1,49152,5,1
"KERNEL_DISPATCH",2,1,1341235,142,11,"void fp8_mm_kernel<128ul, 128ul, 128ul, 1ul, 1ul>(__hip_fp8_e4m3_fnuz const*, __hip_fp8_e4m3_fnuz const*, float const*, float const*, __hip_bfloat16*, unsigned long, unsigned long, unsigned long)",821,1970388970390989,1970388970736574,24,35332,1024,1,1,49152,5,1
"KERNEL_DISPATCH",2,1,1341235,143,11,"void fp8_mm_kernel<128ul, 128ul, 128ul, 1ul, 1ul>(__hip_fp8_e4m3_fnuz const*, __hip_fp8_e4m3_fnuz const*, float const*, float const*, __hip_bfloat16*, unsigned long, unsigned long, unsigned long)",826,1970388970794666,1970388971140611,24,35332,1024,1,1,49152,5,1
"KERNEL_DISPATCH",2,1,1341235,144,11,"void fp8_mm_kernel<128ul, 128ul, 128ul, 1ul, 1ul>(__hip_fp8_e4m3_fnuz const*, __hip_fp8_e4m3_fnuz const*, float const*, float const*, __hip_bfloat16*, unsigned long, unsigned long, unsigned long)",831,1970388971195496,1970388971547415,24,35332,1024,1,1,49152,5,1
"KERNEL_DISPATCH",2,1,1341235,145,5,"__amd_rocclr_copyBuffer",850,1970389236457226,1970389236460554,0,0,512,1,1,512,1,1
"KERNEL_DISPATCH",2,1,1341235,146,11,"void fp8_mm_kernel<128ul, 128ul, 128ul, 1ul, 1ul>(__hip_fp8_e4m3_fnuz const*, __hip_fp8_e4m3_fnuz const*, float const*, float const*, __hip_bfloat16*, unsigned long, unsigned long, unsigned long)",853,1970389236520250,1970389236724954,24,35332,1024,1,1,49152,56,1
"KERNEL_DISPATCH",2,1,1341235,147,11,"void fp8_mm_kernel<128ul, 128ul, 128ul, 1ul, 1ul>(__hip_fp8_e4m3_fnuz const*, __hip_fp8_e4m3_fnuz const*, float const*, float const*, __hip_bfloat16*, unsigned long, unsigned long, unsigned long)",856,1970389236784089,1970389236986628,24,35332,1024,1,1,49152,56,1
"KERNEL_DISPATCH",2,1,1341235,148,11,"void fp8_mm_kernel<128ul, 128ul, 128ul, 1ul, 1ul>(__hip_fp8_e4m3_fnuz const*, __hip_fp8_e4m3_fnuz const*, float const*, float const*, __hip_bfloat16*, unsigned long, unsigned long, unsigned long)",861,1970389237045963,1970389237245456,24,35332,1024,1,1,49152,56,1
"KERNEL_DISPATCH",2,1,1341235,149,11,"void fp8_mm_kernel<128ul, 128ul, 128ul, 1ul, 1ul>(__hip_fp8_e4m3_fnuz const*, __hip_fp8_e4m3_fnuz const*, float const*, float const*, __hip_bfloat16*, unsigned long, unsigned long, unsigned long)",866,1970389237302385,1970389237503482,24,35332,1024,1,1,49152,56,1
"KERNEL_DISPATCH",2,1,1341235,150,11,"void fp8_mm_kernel<128ul, 128ul, 128ul, 1ul, 1ul>(__hip_fp8_e4m3_fnuz const*, __hip_fp8_e4m3_fnuz const*, float const*, float const*, __hip_bfloat16*, unsigned long, unsigned long, unsigned long)",871,1970389237559248,1970389237759503,24,35332,1024,1,1,49152,56,1
"KERNEL_DISPATCH",2,1,1341235,151,11,"void fp8_mm_kernel<128ul, 128ul, 128ul, 1ul, 1ul>(__hip_fp8_e4m3_fnuz const*, __hip_fp8_e4m3_fnuz const*, float const*, float const*, __hip_bfloat16*, unsigned long, unsigned long, unsigned long)",876,1970389237815310,1970389238014402,24,35332,1024,1,1,49152,56,1
"KERNEL_DISPATCH",2,1,1341235,152,11,"void fp8_mm_kernel<128ul, 128ul, 128ul, 1ul, 1ul>(__hip_fp8_e4m3_fnuz const*, __hip_fp8_e4m3_fnuz const*, float const*, float const*, __hip_bfloat16*, unsigned long, unsigned long, unsigned long)",881,1970389238069968,1970389238270423,24,35332,1024,1,1,49152,56,1
"KERNEL_DISPATCH",2,1,1341235,153,11,"void fp8_mm_kernel<128ul, 128ul, 128ul, 1ul, 1ul>(__hip_fp8_e4m3_fnuz const*, __hip_fp8_e4m3_fnuz const*, float const*, float const*, __hip_bfloat16*, unsigned long, unsigned long, unsigned long)",886,1970389238326831,1970389238527406,24,35332,1024,1,1,49152,56,1
"KERNEL_DISPATCH",2,1,1341235,154,11,"void fp8_mm_kernel<128ul, 128ul, 128ul, 1ul, 1ul>(__hip_fp8_e4m3_fnuz const*, __hip_fp8_e4m3_fnuz const*, float const*, float const*, __hip_bfloat16*, unsigned long, unsigned long, unsigned long)",891,1970389238582371,1970389238781904,24,35332,1024,1,1,49152,56,1
"KERNEL_DISPATCH",2,1,1341235,155,11,"void fp8_mm_kernel<128ul, 128ul, 128ul, 1ul, 1ul>(__hip_fp8_e4m3_fnuz const*, __hip_fp8_e4m3_fnuz const*, float const*, float const*, __hip_bfloat16*, unsigned long, unsigned long, unsigned long)",896,1970389238836468,1970389239038687,24,35332,1024,1,1,49152,56,1
"KERNEL_DISPATCH",2,1,1341235,156,11,"void fp8_mm_kernel<128ul, 128ul, 128ul, 1ul, 1ul>(__hip_fp8_e4m3_fnuz const*, __hip_fp8_e4m3_fnuz const*, float const*, float const*, __hip_bfloat16*, unsigned long, unsigned long, unsigned long)",901,1970389239104115,1970389239305934,24,35332,1024,1,1,49152,56,1
"KERNEL_DISPATCH",2,1,1341235,157,5,"__amd_rocclr_copyBuffer",920,1970391366626125,1970391366629172,0,0,512,1,1,512,1,1
"KERNEL_DISPATCH",2,1,1341235,158,11,"void fp8_mm_kernel<128ul, 128ul, 128ul, 1ul, 1ul>(__hip_fp8_e4m3_fnuz const*, __hip_fp8_e4m3_fnuz const*, float const*, float const*, __hip_bfloat16*, unsigned long, unsigned long, unsigned long)",923,1970391366696204,1970391367675307,24,35332,1024,1,1,49152,56,1
"KERNEL_DISPATCH",2,1,1341235,159,11,"void fp8_mm_kernel<128ul, 128ul, 128ul, 1ul, 1ul>(__hip_fp8_e4m3_fnuz const*, __hip_fp8_e4m3_fnuz const*, float const*, float const*, __hip_bfloat16*, unsigned long, unsigned long, unsigned long)",926,1970391367733198,1970391368694501,24,35332,1024,1,1,49152,56,1
"KERNEL_DISPATCH",2,1,1341235,160,11,"void fp8_mm_kernel<128ul, 128ul, 128ul, 1ul, 1ul>(__hip_fp8_e4m3_fnuz const*, __hip_fp8_e4m3_fnuz const*, float const*, float const*, __hip_bfloat16*, unsigned long, unsigned long, unsigned long)",931,1970391368752352,1970391369782370,24,35332,1024,1,1,49152,56,1
"KERNEL_DISPATCH",2,1,1341235,161,11,"void fp8_mm_kernel<128ul, 128ul, 128ul, 1ul, 1ul>(__hip_fp8_e4m3_fnuz const*, __hip_fp8_e4m3_fnuz const*, float const*, float const*, __hip_bfloat16*, unsigned long, unsigned long, unsigned long)",936,1970391369840181,1970391370862101,24,35332,1024,1,1,49152,56,1
"KERNEL_DISPATCH",2,1,1341235,162,11,"void fp8_mm_kernel<128ul, 128ul, 128ul, 1ul, 1ul>(__hip_fp8_e4m3_fnuz const*, __hip_fp8_e4m3_fnuz const*, float const*, float const*, __hip_bfloat16*, unsigned long, unsigned long, unsigned long)",941,1970391370920153,1970391371934696,24,35332,1024,1,1,49152,56,1
"KERNEL_DISPATCH",2,1,1341235,163,11,"void fp8_mm_kernel<128ul, 128ul, 128ul, 1ul, 1ul>(__hip_fp8_e4m3_fnuz const*, __hip_fp8_e4m3_fnuz const*, float const*, float const*, __hip_bfloat16*, unsigned long, unsigned long, unsigned long)",946,1970391371990062,1970391372987567,24,35332,1024,1,1,49152,56,1
"KERNEL_DISPATCH",2,1,1341235,164,11,"void fp8_mm_kernel<128ul, 128ul, 128ul, 1ul, 1ul>(__hip_fp8_e4m3_fnuz const*, __hip_fp8_e4m3_fnuz const*, float const*, float const*, __hip_bfloat16*, unsigned long, unsigned long, unsigned long)",951,1970391373044937,1970391374032138,24,35332,1024,1,1,49152,56,1
"KERNEL_DISPATCH",2,1,1341235,165,11,"void fp8_mm_kernel<128ul, 128ul, 128ul, 1ul, 1ul>(__hip_fp8_e4m3_fnuz const*, __hip_fp8_e4m3_fnuz const*, float const*, float const*, __hip_bfloat16*, unsigned long, unsigned long, unsigned long)",956,1970391374088827,1970391375073743,24,35332,1024,1,1,49152,56,1
"KERNEL_DISPATCH",2,1,1341235,166,11,"void fp8_mm_kernel<128ul, 128ul, 128ul, 1ul, 1ul>(__hip_fp8_e4m3_fnuz const*, __hip_fp8_e4m3_fnuz const*, float const*, float const*, __hip_bfloat16*, unsigned long, unsigned long, unsigned long)",961,1970391375129229,1970391376109895,24,35332,1024,1,1,49152,56,1
"KERNEL_DISPATCH",2,1,1341235,167,11,"void fp8_mm_kernel<128ul, 128ul, 128ul, 1ul, 1ul>(__hip_fp8_e4m3_fnuz const*, __hip_fp8_e4m3_fnuz const*, float const*, float const*, __hip_bfloat16*, unsigned long, unsigned long, unsigned long)",966,1970391376165461,1970391377162164,24,35332,1024,1,1,49152,56,1
"KERNEL_DISPATCH",2,1,1341235,168,11,"void fp8_mm_kernel<128ul, 128ul, 128ul, 1ul, 1ul>(__hip_fp8_e4m3_fnuz const*, __hip_fp8_e4m3_fnuz const*, float const*, float const*, __hip_bfloat16*, unsigned long, unsigned long, unsigned long)",971,1970391377218211,1970391378149245,24,35332,1024,1,1,49152,56,1
"KERNEL_DISPATCH",2,1,1341235,169,5,"__amd_rocclr_copyBuffer",990,1970397388761860,1970397388765148,0,0,512,1,1,1024,1,1
"KERNEL_DISPATCH",2,1,1341235,170,11,"void fp8_mm_kernel<128ul, 128ul, 128ul, 1ul, 1ul>(__hip_fp8_e4m3_fnuz const*, __hip_fp8_e4m3_fnuz const*, float const*, float const*, __hip_bfloat16*, unsigned long, unsigned long, unsigned long)",993,1970397388829293,1970397391111234,24,35332,1024,1,1,49152,36,1
"KERNEL_DISPATCH",2,1,1341235,171,11,"void fp8_mm_kernel<128ul, 128ul, 128ul, 1ul, 1ul>(__hip_fp8_e4m3_fnuz const*, __hip_fp8_e4m3_fnuz const*, float const*, float const*, __hip_bfloat16*, unsigned long, unsigned long, unsigned long)",996,1970397391170569,1970397393460046,24,35332,1024,1,1,49152,36,1
"KERNEL_DISPATCH",2,1,1341235,172,11,"void fp8_mm_kernel<128ul, 128ul, 128ul, 1ul, 1ul>(__hip_fp8_e4m3_fnuz const*, __hip_fp8_e4m3_fnuz const*, float const*, float const*, __hip_bfloat16*, unsigned long, unsigned long, unsigned long)",1001,1970397393520824,1970397395777948,24,35332,1024,1,1,49152,36,1
"KERNEL_DISPATCH",2,1,1341235,173,11,"void fp8_mm_kernel<128ul, 128ul, 128ul, 1ul, 1ul>(__hip_fp8_e4m3_fnuz const*, __hip_fp8_e4m3_fnuz const*, float const*, float const*, __hip_bfloat16*, unsigned long, unsigned long, unsigned long)",1006,1970397395836120,1970397398039723,24,35332,1024,1,1,49152,36,1
"KERNEL_DISPATCH",2,1,1341235,174,11,"void fp8_mm_kernel<128ul, 128ul, 128ul, 1ul, 1ul>(__hip_fp8_e4m3_fnuz const*, __hip_fp8_e4m3_fnuz const*, float const*, float const*, __hip_bfloat16*, unsigned long, unsigned long, unsigned long)",1011,1970397398107798,1970397400252667,24,35332,1024,1,1,49152,36,1
"KERNEL_DISPATCH",2,1,1341235,175,11,"void fp8_mm_kernel<128ul, 128ul, 128ul, 1ul, 1ul>(__hip_fp8_e4m3_fnuz const*, __hip_fp8_e4m3_fnuz const*, float const*, float const*, __hip_bfloat16*, unsigned long, unsigned long, unsigned long)",1016,1970397400307832,1970397402423275,24,35332,1024,1,1,49152,36,1
"KERNEL_DISPATCH",2,1,1341235,176,11,"void fp8_mm_kernel<128ul, 128ul, 128ul, 1ul, 1ul>(__hip_fp8_e4m3_fnuz const*, __hip_fp8_e4m3_fnuz const*, float const*, float const*, __hip_bfloat16*, unsigned long, unsigned long, unsigned long)",1021,1970397402487140,1970397404643074,24,35332,1024,1,1,49152,36,1
"KERNEL_DISPATCH",2,1,1341235,177,11,"void fp8_mm_kernel<128ul, 128ul, 128ul, 1ul, 1ul>(__hip_fp8_e4m3_fnuz const*, __hip_fp8_e4m3_fnuz const*, float const*, float const*, __hip_bfloat16*, unsigned long, unsigned long, unsigned long)",1026,1970397404699442,1970397406807869,24,35332,1024,1,1,49152,36,1
"KERNEL_DISPATCH",2,1,1341235,178,11,"void fp8_mm_kernel<128ul, 128ul, 128ul, 1ul, 1ul>(__hip_fp8_e4m3_fnuz const*, __hip_fp8_e4m3_fnuz const*, float const*, float const*, __hip_bfloat16*, unsigned long, unsigned long, unsigned long)",1031,1970397406864197,1970397408999404,24,35332,1024,1,1,49152,36,1
"KERNEL_DISPATCH",2,1,1341235,179,11,"void fp8_mm_kernel<128ul, 128ul, 128ul, 1ul, 1ul>(__hip_fp8_e4m3_fnuz const*, __hip_fp8_e4m3_fnuz const*, float const*, float const*, __hip_bfloat16*, unsigned long, unsigned long, unsigned long)",1036,1970397409054850,1970397411168448,24,35332,1024,1,1,49152,36,1
"KERNEL_DISPATCH",2,1,1341235,180,11,"void fp8_mm_kernel<128ul, 128ul, 128ul, 1ul, 1ul>(__hip_fp8_e4m3_fnuz const*, __hip_fp8_e4m3_fnuz const*, float const*, float const*, __hip_bfloat16*, unsigned long, unsigned long, unsigned long)",1041,1970397411223974,1970397413320855,24,35332,1024,1,1,49152,36,1
"KERNEL_DISPATCH",2,1,1341235,181,5,"__amd_rocclr_copyBuffer",1060,1970399804989104,1970399804992030,0,0,512,1,1,512,1,1
"KERNEL_DISPATCH",2,1,1341235,182,11,"void fp8_mm_kernel<128ul, 128ul, 128ul, 1ul, 1ul>(__hip_fp8_e4m3_fnuz const*, __hip_fp8_e4m3_fnuz const*, float const*, float const*, __hip_bfloat16*, unsigned long, unsigned long, unsigned long)",1063,1970399805063513,1970399806158679,24,35332,1024,1,1,49152,56,1
"KERNEL_DISPATCH",2,1,1341235,183,11,"void fp8_mm_kernel<128ul, 128ul, 128ul, 1ul, 1ul>(__hip_fp8_e4m3_fnuz const*, __hip_fp8_e4m3_fnuz const*, float const*, float const*, __hip_bfloat16*, unsigned long, unsigned long, unsigned long)",1066,1970399806216290,1970399807289727,24,35332,1024,1,1,49152,56,1
"KERNEL_DISPATCH",2,1,1341235,184,11,"void fp8_mm_kernel<128ul, 128ul, 128ul, 1ul, 1ul>(__hip_fp8_e4m3_fnuz const*, __hip_fp8_e4m3_fnuz const*, float const*, float const*, __hip_bfloat16*, unsigned long, unsigned long, unsigned long)",1071,1970399807349101,1970399808490212,24,35332,1024,1,1,49152,56,1
"KERNEL_DISPATCH",2,1,1341235,185,11,"void fp8_mm_kernel<128ul, 128ul, 128ul, 1ul, 1ul>(__hip_fp8_e4m3_fnuz const*, __hip_fp8_e4m3_fnuz const*, float const*, float const*, __hip_bfloat16*, unsigned long, unsigned long, unsigned long)",1076,1970399808548945,1970399809725176,24,35332,1024,1,1,49152,56,1
"KERNEL_DISPATCH",2,1,1341235,186,11,"void fp8_mm_kernel<128ul, 128ul, 128ul, 1ul, 1ul>(__hip_fp8_e4m3_fnuz const*, __hip_fp8_e4m3_fnuz const*, float const*, float const*, __hip_bfloat16*, unsigned long, unsigned long, unsigned long)",1081,1970399809783468,1970399810958014,24,35332,1024,1,1,49152,56,1
"KERNEL_DISPATCH",2,1,1341235,187,11,"void fp8_mm_kernel<128ul, 128ul, 128ul, 1ul, 1ul>(__hip_fp8_e4m3_fnuz const*, __hip_fp8_e4m3_fnuz const*, float const*, float const*, __hip_bfloat16*, unsigned long, unsigned long, unsigned long)",1086,1970399811014703,1970399812108827,24,35332,1024,1,1,49152,56,1
"KERNEL_DISPATCH",2,1,1341235,188,11,"void fp8_mm_kernel<128ul, 128ul, 128ul, 1ul, 1ul>(__hip_fp8_e4m3_fnuz const*, __hip_fp8_e4m3_fnuz const*, float const*, float const*, __hip_bfloat16*, unsigned long, unsigned long, unsigned long)",1091,1970399812165235,1970399813255631,24,35332,1024,1,1,49152,56,1
"KERNEL_DISPATCH",2,1,1341235,189,11,"void fp8_mm_kernel<128ul, 128ul, 128ul, 1ul, 1ul>(__hip_fp8_e4m3_fnuz const*, __hip_fp8_e4m3_fnuz const*, float const*, float const*, __hip_bfloat16*, unsigned long, unsigned long, unsigned long)",1096,1970399813310956,1970399814401312,24,35332,1024,1,1,49152,56,1
"KERNEL_DISPATCH",2,1,1341235,190,11,"void fp8_mm_kernel<128ul, 128ul, 128ul, 1ul, 1ul>(__hip_fp8_e4m3_fnuz const*, __hip_fp8_e4m3_fnuz const*, float const*, float const*, __hip_bfloat16*, unsigned long, unsigned long, unsigned long)",1101,1970399814458722,1970399815544427,24,35332,1024,1,1,49152,56,1
"KERNEL_DISPATCH",2,1,1341235,191,11,"void fp8_mm_kernel<128ul, 128ul, 128ul, 1ul, 1ul>(__hip_fp8_e4m3_fnuz const*, __hip_fp8_e4m3_fnuz const*, float const*, float const*, __hip_bfloat16*, unsigned long, unsigned long, unsigned long)",1106,1970399815600795,1970399816685096,24,35332,1024,1,1,49152,56,1
"KERNEL_DISPATCH",2,1,1341235,192,11,"void fp8_mm_kernel<128ul, 128ul, 128ul, 1ul, 1ul>(__hip_fp8_e4m3_fnuz const*, __hip_fp8_e4m3_fnuz const*, float const*, float const*, __hip_bfloat16*, unsigned long, unsigned long, unsigned long)",1111,1970399816739740,1970399817837152,24,35332,1024,1,1,49152,56,1
"KERNEL_DISPATCH",2,1,1341235,193,5,"__amd_rocclr_copyBuffer",1130,1970403557019681,1970403557022848,0,0,512,1,1,1024,1,1
"KERNEL_DISPATCH",2,1,1341235,194,11,"void fp8_mm_kernel<128ul, 128ul, 128ul, 1ul, 1ul>(__hip_fp8_e4m3_fnuz const*, __hip_fp8_e4m3_fnuz const*, float const*, float const*, __hip_bfloat16*, unsigned long, unsigned long, unsigned long)",1133,1970403557098339,1970403557515767,24,35332,1024,1,1,49152,4,1
"KERNEL_DISPATCH",2,1,1341235,195,11,"void fp8_mm_kernel<128ul, 128ul, 128ul, 1ul, 1ul>(__hip_fp8_e4m3_fnuz const*, __hip_fp8_e4m3_fnuz const*, float const*, float const*, __hip_bfloat16*, unsigned long, unsigned long, unsigned long)",1136,1970403557599236,1970403557962982,24,35332,1024,1,1,49152,4,1
"KERNEL_DISPATCH",2,1,1341235,196,11,"void fp8_mm_kernel<128ul, 128ul, 128ul, 1ul, 1ul>(__hip_fp8_e4m3_fnuz const*, __hip_fp8_e4m3_fnuz const*, float const*, float const*, __hip_bfloat16*, unsigned long, unsigned long, unsigned long)",1141,1970403558026165,1970403558389751,24,35332,1024,1,1,49152,4,1
"KERNEL_DISPATCH",2,1,1341235,197,11,"void fp8_mm_kernel<128ul, 128ul, 128ul, 1ul, 1ul>(__hip_fp8_e4m3_fnuz const*, __hip_fp8_e4m3_fnuz const*, float const*, float const*, __hip_bfloat16*, unsigned long, unsigned long, unsigned long)",1146,1970403558446800,1970403558810346,24,35332,1024,1,1,49152,4,1
"KERNEL_DISPATCH",2,1,1341235,198,11,"void fp8_mm_kernel<128ul, 128ul, 128ul, 1ul, 1ul>(__hip_fp8_e4m3_fnuz const*, __hip_fp8_e4m3_fnuz const*, float const*, float const*, __hip_bfloat16*, unsigned long, unsigned long, unsigned long)",1151,1970403558866313,1970403559259686,24,35332,1024,1,1,49152,4,1
"KERNEL_DISPATCH",2,1,1341235,199,11,"void fp8_mm_kernel<128ul, 128ul, 128ul, 1ul, 1ul>(__hip_fp8_e4m3_fnuz const*, __hip_fp8_e4m3_fnuz const*, float const*, float const*, __hip_bfloat16*, unsigned long, unsigned long, unsigned long)",1156,1970403559315492,1970403559663883,24,35332,1024,1,1,49152,4,1
"KERNEL_DISPATCH",2,1,1341235,200,11,"void fp8_mm_kernel<128ul, 128ul, 128ul, 1ul, 1ul>(__hip_fp8_e4m3_fnuz const*, __hip_fp8_e4m3_fnuz const*, float const*, float const*, __hip_bfloat16*, unsigned long, unsigned long, unsigned long)",1161,1970403559726546,1970403560074656,24,35332,1024,1,1,49152,4,1
"KERNEL_DISPATCH",2,1,1341235,201,11,"void fp8_mm_kernel<128ul, 128ul, 128ul, 1ul, 1ul>(__hip_fp8_e4m3_fnuz const*, __hip_fp8_e4m3_fnuz const*, float const*, float const*, __hip_bfloat16*, unsigned long, unsigned long, unsigned long)",1166,1970403560159088,1970403560494609,24,35332,1024,1,1,49152,4,1
"KERNEL_DISPATCH",2,1,1341235,202,11,"void fp8_mm_kernel<128ul, 128ul, 128ul, 1ul, 1ul>(__hip_fp8_e4m3_fnuz const*, __hip_fp8_e4m3_fnuz const*, float const*, float const*, __hip_bfloat16*, unsigned long, unsigned long, unsigned long)",1171,1970403560548452,1970403560884494,24,35332,1024,1,1,49152,4,1
"KERNEL_DISPATCH",2,1,1341235,203,11,"void fp8_mm_kernel<128ul, 128ul, 128ul, 1ul, 1ul>(__hip_fp8_e4m3_fnuz const*, __hip_fp8_e4m3_fnuz const*, float const*, float const*, __hip_bfloat16*, unsigned long, unsigned long, unsigned long)",1176,1970403560940702,1970403561276023,24,35332,1024,1,1,49152,4,1
"KERNEL_DISPATCH",2,1,1341235,204,11,"void fp8_mm_kernel<128ul, 128ul, 128ul, 1ul, 1ul>(__hip_fp8_e4m3_fnuz const*, __hip_fp8_e4m3_fnuz const*, float const*, float const*, __hip_bfloat16*, unsigned long, unsigned long, unsigned long)",1181,1970403561330467,1970403561665788,24,35332,1024,1,1,49152,4,1
"KERNEL_DISPATCH",2,1,1341235,205,5,"__amd_rocclr_copyBuffer",1200,1970403969717312,1970403969720198,0,0,512,1,1,512,1,1
"KERNEL_DISPATCH",2,1,1341235,206,11,"void fp8_mm_kernel<128ul, 128ul, 128ul, 1ul, 1ul>(__hip_fp8_e4m3_fnuz const*, __hip_fp8_e4m3_fnuz const*, float const*, float const*, __hip_bfloat16*, unsigned long, unsigned long, unsigned long)",1203,1970403969781738,1970403969990692,24,35332,1024,1,1,49152,32,1
"KERNEL_DISPATCH",2,1,1341235,207,11,"void fp8_mm_kernel<128ul, 128ul, 128ul, 1ul, 1ul>(__hip_fp8_e4m3_fnuz const*, __hip_fp8_e4m3_fnuz const*, float const*, float const*, __hip_bfloat16*, unsigned long, unsigned long, unsigned long)",1206,1970403970048824,1970403970250442,24,35332,1024,1,1,49152,32,1
"KERNEL_DISPATCH",2,1,1341235,208,11,"void fp8_mm_kernel<128ul, 128ul, 128ul, 1ul, 1ul>(__hip_fp8_e4m3_fnuz const*, __hip_fp8_e4m3_fnuz const*, float const*, float const*, __hip_bfloat16*, unsigned long, unsigned long, unsigned long)",1211,1970403970309496,1970403970512517,24,35332,1024,1,1,49152,32,1
"KERNEL_DISPATCH",2,1,1341235,209,11,"void fp8_mm_kernel<128ul, 128ul, 128ul, 1ul, 1ul>(__hip_fp8_e4m3_fnuz const*, __hip_fp8_e4m3_fnuz const*, float const*, float const*, __hip_bfloat16*, unsigned long, unsigned long, unsigned long)",1216,1970403970567642,1970403970771144,24,35332,1024,1,1,49152,32,1
"KERNEL_DISPATCH",2,1,1341235,210,11,"void fp8_mm_kernel<128ul, 128ul, 128ul, 1ul, 1ul>(__hip_fp8_e4m3_fnuz const*, __hip_fp8_e4m3_fnuz const*, float const*, float const*, __hip_bfloat16*, unsigned long, unsigned long, unsigned long)",1221,1970403970829316,1970403971032457,24,35332,1024,1,1,49152,32,1
"KERNEL_DISPATCH",2,1,1341235,211,11,"void fp8_mm_kernel<128ul, 128ul, 128ul, 1ul, 1ul>(__hip_fp8_e4m3_fnuz const*, __hip_fp8_e4m3_fnuz const*, float const*, float const*, __hip_bfloat16*, unsigned long, unsigned long, unsigned long)",1226,1970403971087783,1970403971290483,24,35332,1024,1,1,49152,32,1
"KERNEL_DISPATCH",2,1,1341235,212,11,"void fp8_mm_kernel<128ul, 128ul, 128ul, 1ul, 1ul>(__hip_fp8_e4m3_fnuz const*, __hip_fp8_e4m3_fnuz const*, float const*, float const*, __hip_bfloat16*, unsigned long, unsigned long, unsigned long)",1231,1970403971345528,1970403971547547,24,35332,1024,1,1,49152,32,1
"KERNEL_DISPATCH",2,1,1341235,213,11,"void fp8_mm_kernel<128ul, 128ul, 128ul, 1ul, 1ul>(__hip_fp8_e4m3_fnuz const*, __hip_fp8_e4m3_fnuz const*, float const*, float const*, __hip_bfloat16*, unsigned long, unsigned long, unsigned long)",1236,1970403971601950,1970403971804530,24,35332,1024,1,1,49152,32,1
"KERNEL_DISPATCH",2,1,1341235,214,11,"void fp8_mm_kernel<128ul, 128ul, 128ul, 1ul, 1ul>(__hip_fp8_e4m3_fnuz const*, __hip_fp8_e4m3_fnuz const*, float const*, float const*, __hip_bfloat16*, unsigned long, unsigned long, unsigned long)",1241,1970403971858974,1970403972061674,24,35332,1024,1,1,49152,32,1
"KERNEL_DISPATCH",2,1,1341235,215,11,"void fp8_mm_kernel<128ul, 128ul, 128ul, 1ul, 1ul>(__hip_fp8_e4m3_fnuz const*, __hip_fp8_e4m3_fnuz const*, float const*, float const*, __hip_bfloat16*, unsigned long, unsigned long, unsigned long)",1246,1970403972116638,1970403972318376,24,35332,1024,1,1,49152,32,1
"KERNEL_DISPATCH",2,1,1341235,216,11,"void fp8_mm_kernel<128ul, 128ul, 128ul, 1ul, 1ul>(__hip_fp8_e4m3_fnuz const*, __hip_fp8_e4m3_fnuz const*, float const*, float const*, __hip_bfloat16*, unsigned long, unsigned long, unsigned long)",1251,1970403972378754,1970403972582175,24,35332,1024,1,1,49152,32,1
